firstNameUpdate,dateOfBirthUpdate,genderUpdate,addressUpdate
Rosy,1985\/04\/07,Female,#991, 47 Street, 6 block
Sunitha,1982\/03\/02,Female,#990, 41 Street, 3 block
Babita,1995\/01\/06,Female,#961, 37 Street, 2 block
Rajiv,1982\/05\/09,Male,#990, 41 Street, 1 block
Sudha,1972\/06\/06,Female,#991, 42 Street, 2 block
Shailesh,1992\/09\/07,Male,#992, 43 Street, 8 block
Aravinda,1994\/05\/03,Male,#999, 43 Street, 4 block
Aradhana,1990\/03\/04,Female,#994, 45 Street, 2 block
Rhea,1993\/01\/06,Female,#971, 49 Street, 3 block
