aad,data,refID,saltData,userPin
wrteiytulopsh12345,Perfwer1234,REF1,qwerywerjkkkkkkkkkkkkkk123,1234567
wrteiytulopsh12346,PerfTghtreeet1235,REF2,qweeeeeeeeeeeeeeeeeeeery124,1234568
wrteiytulopsh12347,trnnnnnnnnnnserfTest1236,REF3,qweryrrrrrrrrrrrrrrrrrrrrrrrrrrhjtlllll125,1234569
wrteiytulopsh12348,Pewwwwwwwwwwwwwwwwwwwwest1237,REF4,qwequthnfgrpotrry126,1234570
wrteiytulopsh12349,PerfTefdhhetjnkopppppppppppppppst1238,REF5,qwery12ghjkrtruklppppppppppppp27,1234571
wrteiytulopsh12350,PerfTessssssssssssssssssssssssstrhnsjiiiiist1239,REF6,qweqqqqqqlprtuuuuuuuury128,1234572
wrteiytulopsh12351,Perfqwgsjd78954jkls45jjjjjjjjjjjjjjjjjjjjjjjTest1240,REF7,qweqqqqqqqeeeeeeeery129,1234573
wrteiytulopsh12352,PerfTesssssssssssssssssssssssssssssssssssssssssssssst1241,REF8,qwergpltuiortyuioy130,1234574
wrteiytulopsh12353,PerfTessserebnzkooooooooooooooooooooooooooooooooooooooooost1242,REF9,qwwelllllllllllllllery131,1234575
wrteiytulopsh12354,PerfTeqqqqqqqqqqqqqqqqqqqqqqqqklplouytrewqqqqgggggggggggggggst1243,REF10,qqwertyuiopasdfghjkllwery132,1234576
